{
 "meta": {
  "generated_at": "2026-07-12T00:23:56+00:00",
  "label": "subset8-fullmix-win-edges-j400",
  "pipeline_version": "1.2.0",
  "alignment_model": "MahmoudAshraf/mms-300m-1130-forced-aligner",
  "separation": "full-mix",
  "mixback": null,
  "windowed": true,
  "anchor_jitter_ms": 400,
  "host": "c9ca46002d57",
  "cpus": 4,
  "tolerances_s": [
   0.1,
   0.2,
   0.3,
   0.5
  ],
  "wall_s": 427.5
 },
 "jamendo": {
  "aggregate": {
   "songs": 8,
   "scored": 8,
   "failed": [],
   "word_mae_ms_mean": 228.9,
   "word_mae_ms_median": 175.3,
   "word_medae_ms_mean": 103.9,
   "pco": {
    "0.1": 0.5328,
    "0.2": 0.7995,
    "0.3": 0.8883,
    "0.5": 0.9334
   },
   "align_s_total": 424.9,
   "align_x_realtime": 0.253,
   "per_language": {
    "deu": {
     "songs": 2,
     "word_mae_ms_mean": 198.6,
     "pco_0.3": 0.9117
    },
    "eng": {
     "songs": 2,
     "word_mae_ms_mean": 162.1,
     "pco_0.3": 0.8873
    },
    "fra": {
     "songs": 2,
     "word_mae_ms_mean": 261.1,
     "pco_0.3": 0.8237
    },
    "spa": {
     "songs": 2,
     "word_mae_ms_mean": 293.7,
     "pco_0.3": 0.9304
    }
   }
  },
  "songs": [
   {
    "stem": "HILA_-_Give_Me_the_Same",
    "language": "eng",
    "duration_s": 230.5,
    "n_words": 322,
    "n_lines": 58,
    "separate_s": 0.0,
    "align_s": 60.2,
    "sync": "word",
    "quality_score": 0.5176,
    "words": {
     "count": 322,
     "mae_ms": 222.72981366459626,
     "medae_ms": 128.0,
     "p95_ms": 629.0,
     "pcs": {
      "0.1": 0.42857142857142855,
      "0.2": 0.6863354037267081,
      "0.3": 0.8260869565217391,
      "0.5": 0.9347826086956522
     }
    },
    "lines": {
     "count": 58,
     "mae_ms": 367.37931034482756,
     "medae_ms": 105.5,
     "p95_ms": 1632.0,
     "pcs": {
      "0.3": 0.7068965517241379
     }
    }
   },
   {
    "stem": "Quentin_Hannappe_-_Keep_On",
    "language": "eng",
    "duration_s": 164.7,
    "n_words": 175,
    "n_lines": 27,
    "separate_s": 0.0,
    "align_s": 43.1,
    "sync": "word",
    "quality_score": 0.8522,
    "words": {
     "count": 175,
     "mae_ms": 101.51428571428572,
     "medae_ms": 71.0,
     "p95_ms": 351.0,
     "pcs": {
      "0.1": 0.6685714285714286,
      "0.2": 0.92,
      "0.3": 0.9485714285714286,
      "0.5": 0.9828571428571429
     }
    },
    "lines": {
     "count": 27,
     "mae_ms": 122.96296296296296,
     "medae_ms": 69.0,
     "p95_ms": 354.0,
     "pcs": {
      "0.3": 0.8888888888888888
     }
    }
   },
   {
    "stem": "1_Freak_-_Automatisch_Gekommen",
    "language": "deu",
    "duration_s": 185.4,
    "n_words": 367,
    "n_lines": 60,
    "separate_s": 0.0,
    "align_s": 42.3,
    "sync": "word",
    "quality_score": 0.0,
    "words": {
     "count": 367,
     "mae_ms": 269.45231607629427,
     "medae_ms": 105.0,
     "p95_ms": 1776.0,
     "pcs": {
      "0.1": 0.48501362397820164,
      "0.2": 0.8065395095367848,
      "0.3": 0.8828337874659401,
      "0.5": 0.9019073569482289
     }
    },
    "lines": {
     "count": 60,
     "mae_ms": 305.5,
     "medae_ms": 112.0,
     "p95_ms": 1999.0,
     "pcs": {
      "0.3": 0.85
     }
    }
   },
   {
    "stem": "Baila_-_Alfonso_Lugo",
    "language": "spa",
    "duration_s": 185.5,
    "n_words": 282,
    "n_lines": 36,
    "separate_s": 0.0,
    "align_s": 58.4,
    "sync": "word",
    "quality_score": 1.0,
    "words": {
     "count": 282,
     "mae_ms": 115.26241134751773,
     "medae_ms": 95.5,
     "p95_ms": 338.0,
     "pcs": {
      "0.1": 0.5319148936170213,
      "0.2": 0.8546099290780141,
      "0.3": 0.9397163120567376,
      "0.5": 1.0
     }
    },
    "lines": {
     "count": 36,
     "mae_ms": 41.47222222222222,
     "medae_ms": 23.0,
     "p95_ms": 152.0,
     "pcs": {
      "0.3": 1.0
     }
    }
   },
   {
    "stem": "Besando_Sapos_-_Dream_Tabu",
    "language": "spa",
    "duration_s": 238.8,
    "n_words": 228,
    "n_lines": 64,
    "separate_s": 0.0,
    "align_s": 53.7,
    "sync": "word",
    "quality_score": 0.7258,
    "words": {
     "count": 228,
     "mae_ms": 472.1359649122807,
     "medae_ms": 70.0,
     "p95_ms": 629.0,
     "pcs": {
      "0.1": 0.6447368421052632,
      "0.2": 0.8596491228070176,
      "0.3": 0.9210526315789473,
      "0.5": 0.9473684210526315
     }
    },
    "lines": {
     "count": 64,
     "mae_ms": 493.609375,
     "medae_ms": 61.0,
     "p95_ms": 654.0,
     "pcs": {
      "0.3": 0.84375
     }
    }
   },
   {
    "stem": "Bitte_beweg_dich_nicht_-_Bukto",
    "language": "deu",
    "duration_s": 259.5,
    "n_words": 353,
    "n_lines": 38,
    "separate_s": 0.0,
    "align_s": 67.6,
    "sync": "word",
    "quality_score": 0.1668,
    "words": {
     "count": 353,
     "mae_ms": 127.77337110481587,
     "medae_ms": 95.0,
     "p95_ms": 315.0,
     "pcs": {
      "0.1": 0.5127478753541076,
      "0.2": 0.8130311614730878,
      "0.3": 0.9405099150141643,
      "0.5": 0.9745042492917847
     }
    },
    "lines": {
     "count": 38,
     "mae_ms": 126.60526315789474,
     "medae_ms": 31.0,
     "p95_ms": 687.0,
     "pcs": {
      "0.3": 0.8947368421052632
     }
    }
   },
   {
    "stem": "Capotes_à_un_Franc_-_elmanu",
    "language": "fra",
    "duration_s": 183.3,
    "n_words": 245,
    "n_lines": 26,
    "separate_s": 0.0,
    "align_s": 45.8,
    "sync": "word",
    "quality_score": 1.0,
    "words": {
     "count": 245,
     "mae_ms": 81.73061224489796,
     "medae_ms": 72.0,
     "p95_ms": 203.0,
     "pcs": {
      "0.1": 0.6653061224489796,
      "0.2": 0.9469387755102041,
      "0.3": 0.9959183673469387,
      "0.5": 1.0
     }
    },
    "lines": {
     "count": 26,
     "mae_ms": 60.38461538461539,
     "medae_ms": 38.0,
     "p95_ms": 203.0,
     "pcs": {
      "0.3": 1.0
     }
    }
   },
   {
    "stem": "CHRISTMAS_AVEC_TOI_-_imfreshyourepretty",
    "language": "fra",
    "duration_s": 229.6,
    "n_words": 350,
    "n_lines": 40,
    "separate_s": 0.0,
    "align_s": 53.8,
    "sync": "word",
    "quality_score": 0.0,
    "words": {
     "count": 350,
     "mae_ms": 440.4685714285714,
     "medae_ms": 195.0,
     "p95_ms": 1641.0,
     "pcs": {
      "0.1": 0.32571428571428573,
      "0.2": 0.5085714285714286,
      "0.3": 0.6514285714285715,
      "0.5": 0.7257142857142858
     }
    },
    "lines": {
     "count": 40,
     "mae_ms": 419.6,
     "medae_ms": 56.5,
     "p95_ms": 1570.0,
     "pcs": {
      "0.3": 0.7
     }
    }
   }
  ]
 }
}
