{
 "meta": {
  "generated_at": "2026-07-18T14:05:31+00:00",
  "label": "p2-soft-pl-j500",
  "pipeline_version": "2.7.0",
  "alignment_model": "MahmoudAshraf/mms-300m-1130-forced-aligner",
  "separation": "full-mix",
  "mixback": null,
  "windowed": true,
  "anchor_jitter_ms": 500,
  "line_postprocess": "soft-pl",
  "trim_ends": true,
  "host": "e1d9c24790d7",
  "cpus": 4,
  "tolerances_s": [
   0.1,
   0.2,
   0.3,
   0.5
  ],
  "wall_s": 418.2
 },
 "jamendo": {
  "aggregate": {
   "songs": 8,
   "scored": 8,
   "failed": [],
   "word_mae_ms_mean": 305.1,
   "word_mae_ms_median": 305.0,
   "word_medae_ms_mean": 175.5,
   "pco": {
    "0.1": 0.3244,
    "0.2": 0.5755,
    "0.3": 0.7557,
    "0.5": 0.9105
   },
   "align_s_total": 415.8,
   "align_x_realtime": 0.248,
   "trimmed_ends_total": 64,
   "per_language": {
    "deu": {
     "songs": 2,
     "word_mae_ms_mean": 307.2,
     "pco_0.3": 0.772
    },
    "eng": {
     "songs": 2,
     "word_mae_ms_mean": 288.4,
     "pco_0.3": 0.7217
    },
    "fra": {
     "songs": 2,
     "word_mae_ms_mean": 233.4,
     "pco_0.3": 0.7808
    },
    "spa": {
     "songs": 2,
     "word_mae_ms_mean": 391.5,
     "pco_0.3": 0.7484
    }
   },
   "word_end_mae_ms_mean": 331.7,
   "word_end_mae_ms_median": 305.1,
   "over_extension_mean": 0.251
  },
  "songs": [
   {
    "stem": "HILA_-_Give_Me_the_Same",
    "language": "eng",
    "duration_s": 230.5,
    "n_words": 322,
    "n_lines": 58,
    "trimmed_ends": 18,
    "separate_s": 0.0,
    "align_s": 62.5,
    "sync": "word",
    "quality_score": 0.491,
    "words": {
     "count": 322,
     "mae_ms": 396.667701863354,
     "medae_ms": 223.0,
     "p95_ms": 1855.0,
     "pcs": {
      "0.1": 0.2670807453416149,
      "0.2": 0.4503105590062112,
      "0.3": 0.6149068322981367,
      "0.5": 0.8074534161490683
     }
    },
    "word_ends": {
     "count": 322,
     "mae_ms": 429.5621118012422,
     "medae_ms": 284.5,
     "p95_ms": 1819.0,
     "pcs": {
      "0.1": 0.22981366459627328,
      "0.2": 0.38509316770186336,
      "0.3": 0.531055900621118,
      "0.5": 0.7670807453416149
     }
    },
    "over_extension": 0.3602,
    "lines": {
     "count": 58,
     "mae_ms": 408.3103448275862,
     "medae_ms": 215.5,
     "p95_ms": 1913.0,
     "pcs": {
      "0.3": 0.5862068965517241
     }
    }
   },
   {
    "stem": "Quentin_Hannappe_-_Keep_On",
    "language": "eng",
    "duration_s": 164.7,
    "n_words": 175,
    "n_lines": 27,
    "trimmed_ends": 8,
    "separate_s": 0.0,
    "align_s": 43.5,
    "sync": "word",
    "quality_score": 0.7474,
    "words": {
     "count": 175,
     "mae_ms": 180.22285714285715,
     "medae_ms": 154.0,
     "p95_ms": 487.0,
     "pcs": {
      "0.1": 0.3657142857142857,
      "0.2": 0.6742857142857143,
      "0.3": 0.8285714285714286,
      "0.5": 0.96
     }
    },
    "word_ends": {
     "count": 175,
     "mae_ms": 253.22857142857143,
     "medae_ms": 168.0,
     "p95_ms": 831.0,
     "pcs": {
      "0.1": 0.3028571428571429,
      "0.2": 0.5771428571428572,
      "0.3": 0.72,
      "0.5": 0.8742857142857143
     }
    },
    "over_extension": 0.3429,
    "lines": {
     "count": 27,
     "mae_ms": 149.92592592592592,
     "medae_ms": 169.0,
     "p95_ms": 290.0,
     "pcs": {
      "0.3": 0.9629629629629629
     }
    }
   },
   {
    "stem": "1_Freak_-_Automatisch_Gekommen",
    "language": "deu",
    "duration_s": 185.4,
    "n_words": 367,
    "n_lines": 60,
    "trimmed_ends": 15,
    "separate_s": 0.0,
    "align_s": 40.4,
    "sync": "word",
    "quality_score": 0.0,
    "words": {
     "count": 367,
     "mae_ms": 260.550408719346,
     "medae_ms": 172.0,
     "p95_ms": 542.0,
     "pcs": {
      "0.1": 0.2779291553133515,
      "0.2": 0.5667574931880109,
      "0.3": 0.782016348773842,
      "0.5": 0.9318801089918256
     }
    },
    "word_ends": {
     "count": 367,
     "mae_ms": 262.43051771117166,
     "medae_ms": 176.0,
     "p95_ms": 654.0,
     "pcs": {
      "0.1": 0.2724795640326976,
      "0.2": 0.5613079019073569,
      "0.3": 0.7656675749318801,
      "0.5": 0.9209809264305178
     }
    },
    "over_extension": 0.2153,
    "lines": {
     "count": 60,
     "mae_ms": 286.65,
     "medae_ms": 139.5,
     "p95_ms": 542.0,
     "pcs": {
      "0.3": 0.7833333333333333
     }
    }
   },
   {
    "stem": "Baila_-_Alfonso_Lugo",
    "language": "spa",
    "duration_s": 185.5,
    "n_words": 282,
    "n_lines": 36,
    "trimmed_ends": 10,
    "separate_s": 0.0,
    "align_s": 48.2,
    "sync": "word",
    "quality_score": 1.0,
    "words": {
     "count": 282,
     "mae_ms": 200.2127659574468,
     "medae_ms": 191.0,
     "p95_ms": 416.0,
     "pcs": {
      "0.1": 0.28368794326241137,
      "0.2": 0.5283687943262412,
      "0.3": 0.7730496453900709,
      "0.5": 0.9929078014184397
     }
    },
    "word_ends": {
     "count": 282,
     "mae_ms": 219.88652482269504,
     "medae_ms": 209.0,
     "p95_ms": 458.0,
     "pcs": {
      "0.1": 0.22340425531914893,
      "0.2": 0.4858156028368794,
      "0.3": 0.723404255319149,
      "0.5": 0.9822695035460993
     }
    },
    "over_extension": 0.2979,
    "lines": {
     "count": 36,
     "mae_ms": 137.05555555555554,
     "medae_ms": 100.0,
     "p95_ms": 339.0,
     "pcs": {
      "0.3": 0.8888888888888888
     }
    }
   },
   {
    "stem": "Besando_Sapos_-_Dream_Tabu",
    "language": "spa",
    "duration_s": 238.8,
    "n_words": 228,
    "n_lines": 64,
    "trimmed_ends": 5,
    "separate_s": 0.0,
    "align_s": 53.7,
    "sync": "word",
    "quality_score": 0.6281,
    "words": {
     "count": 228,
     "mae_ms": 582.7324561403509,
     "medae_ms": 204.5,
     "p95_ms": 1069.0,
     "pcs": {
      "0.1": 0.25877192982456143,
      "0.2": 0.4824561403508772,
      "0.3": 0.7236842105263158,
      "0.5": 0.9078947368421053
     }
    },
    "word_ends": {
     "count": 228,
     "mae_ms": 626.7938596491229,
     "medae_ms": 220.5,
     "p95_ms": 2064.0,
     "pcs": {
      "0.1": 0.20175438596491227,
      "0.2": 0.42543859649122806,
      "0.3": 0.6447368421052632,
      "0.5": 0.868421052631579
     }
    },
    "over_extension": 0.307,
    "lines": {
     "count": 64,
     "mae_ms": 683.203125,
     "medae_ms": 247.5,
     "p95_ms": 3969.0,
     "pcs": {
      "0.3": 0.640625
     }
    }
   },
   {
    "stem": "Bitte_beweg_dich_nicht_-_Bukto",
    "language": "deu",
    "duration_s": 259.5,
    "n_words": 353,
    "n_lines": 38,
    "trimmed_ends": 3,
    "separate_s": 0.0,
    "align_s": 67.0,
    "sync": "word",
    "quality_score": 0.2176,
    "words": {
     "count": 353,
     "mae_ms": 353.8725212464589,
     "medae_ms": 160.0,
     "p95_ms": 738.0,
     "pcs": {
      "0.1": 0.33994334277620397,
      "0.2": 0.5779036827195467,
      "0.3": 0.7620396600566572,
      "0.5": 0.9093484419263456
     }
    },
    "word_ends": {
     "count": 353,
     "mae_ms": 347.8158640226629,
     "medae_ms": 164.0,
     "p95_ms": 738.0,
     "pcs": {
      "0.1": 0.3371104815864023,
      "0.2": 0.5750708215297451,
      "0.3": 0.7677053824362606,
      "0.5": 0.9093484419263456
     }
    },
    "over_extension": 0.0963,
    "lines": {
     "count": 38,
     "mae_ms": 556.921052631579,
     "medae_ms": 165.0,
     "p95_ms": 2786.0,
     "pcs": {
      "0.3": 0.7105263157894737
     }
    }
   },
   {
    "stem": "Capotes_à_un_Franc_-_elmanu",
    "language": "fra",
    "duration_s": 183.3,
    "n_words": 245,
    "n_lines": 26,
    "trimmed_ends": 1,
    "separate_s": 0.0,
    "align_s": 46.2,
    "sync": "word",
    "quality_score": 1.0,
    "words": {
     "count": 245,
     "mae_ms": 117.2326530612245,
     "medae_ms": 90.0,
     "p95_ms": 306.0,
     "pcs": {
      "0.1": 0.5224489795918368,
      "0.2": 0.8408163265306122,
      "0.3": 0.9387755102040817,
      "0.5": 1.0
     }
    },
    "word_ends": {
     "count": 245,
     "mae_ms": 160.19591836734693,
     "medae_ms": 143.0,
     "p95_ms": 370.0,
     "pcs": {
      "0.1": 0.3510204081632653,